{"cameraMode":{"drawMode":0,"name":"Shaded","section":"Shading Mode"},"sceneLighting":true,"audioPlay":false,"sceneViewState":{"m_AlwaysRefresh":false,"showFog":true,"showSkybox":true,"showFlares":true,"showImageEffects":true,"showParticleSystems":true,"showVisualEffectGraphs":true,"m_FxEnabled":true},"in2DMode":false,"pivot":{"x":42.2601318359375,"y":0.9161453247070313,"z":22.97481918334961},"rotation":{"x":-0.19632263481616975,"y":-0.08346765488386154,"z":0.016854440793395044,"w":-0.9770017266273499},"size":3.2995760440826418,"orthographic":false}