{"cameraMode":{"drawMode":0,"name":"Shaded","section":"Shading Mode"},"sceneLighting":true,"audioPlay":false,"sceneViewState":{"m_AlwaysRefresh":false,"showFog":true,"showSkybox":true,"showFlares":true,"showImageEffects":true,"showParticleSystems":true,"showVisualEffectGraphs":true,"m_FxEnabled":true},"in2DMode":false,"pivot":{"x":120.66109466552735,"y":126.90025329589844,"z":-42.50677490234375},"rotation":{"x":-0.020661847665905954,"y":-0.050971951335668567,"z":-0.0010549710132181645,"w":0.9984881281852722},"size":210.0283660888672,"orthographic":false}